"region","broad_cell_type","p_value","control_median","HD_median","FDR","difference","direction"
"CB","Oligodendrocytes",0.1,0.0665850673194614,0.0198216055500496,0.533333333333333,-0.0467634617694119,"Lower in HD"
"CB","Astrocytes",0.2,0.103996148290804,0.0341922695738355,0.64,-0.0698038787169686,"Lower in HD"
"CB","Microglia",0.1,0.0200734394124847,0.00627537836840162,0.533333333333333,-0.0137980610440831,"Lower in HD"
"CB","OPCs",0.2,0.0231102551757342,0.00664451827242525,0.64,-0.016465736903309,"Lower in HD"
"CN","Oligodendrocytes",0.5,0.399377593360996,0.532121724429417,0.888888888888889,0.132744131068421,"Higher in HD"
"CN","Astrocytes",1,0.0788381742738589,0.114539306846999,1,0.0357011325731402,"Higher in HD"
"CN","Microglia",0.5,0.0923236514522822,0.101883561643836,0.888888888888889,0.00955991019155346,"Higher in HD"
"CN","OPCs",1,0.0280082987551867,0.0267430754536772,1,-0.00126522330150955,"Lower in HD"
"HIP","Oligodendrocytes",1,0.238376209582252,0.268685746040567,1,0.0303095364583152,"Higher in HD"
"HIP","Astrocytes",0.4,0.0632523011564786,0.0805779383161989,0.888888888888889,0.0173256371597203,"Higher in HD"
"HIP","Microglia",0.1,0.109739368998628,0.0495970241785493,0.533333333333333,-0.060142344820079,"Lower in HD"
"HIP","OPCs",1,0.0608436992969173,0.0551431601272534,1,-0.00570053916966381,"Lower in HD"
"IFG","Oligodendrocytes",0.7,0.244594594594595,0.311220311220311,1,0.0666257166257166,"Higher in HD"
"IFG","Astrocytes",0.7,0.0538559592096877,0.0794430794430794,1,0.0255871202333917,"Higher in HD"
"IFG","Microglia",0.4,0.068018018018018,0.0393629807692308,0.888888888888889,-0.0286550372487872,"Lower in HD"
"IFG","OPCs",1,0.0289993626513703,0.0323016826923077,1,0.0033023200409374,"Higher in HD"
