avg.exp,pct.exp,features.plot,id,avg.exp.scaled
0.0162825167703432,0.244134810051209,ALDH1L1,0,-0.503070511
1.08322464543599,10.4561152792664,GFAP,0,-0.208238851
0.0206871567397961,0.333452423484578,CX3CR1,0,-0.341637239
0.00855183961583796,0.0952721209955937,ITGAM,0,-0.327663072
7.0496441747542,66.6249851137311,MOG,0,2.5
59.0001211639549,98.832916517804,MBP,0,2.5
0.0262113728126889,0.387042991544599,PDGFRA,0,-0.331879956
0.0399214163656377,0.60735977134691,GPR17,0,-0.211922896
0.0450159108612791,0.714540907466953,VWF,0,-0.233880069
0.0110065280118574,0.15481719661784,CLDN5,0,-0.29447202
0.0109216037934497,0.23222579492676,PDGFRB,0,-0.454856334
0.00653040233340736,0.101226628557818,NOTCH3,0,-0.288199759
0.164788895204829,2.50089317613433,SLC17A7,0,-0.774298622
0.12317792259041,1.79230677622961,GAD2,0,-0.56845002
0.241437736098213,3.03084434917232,PPP1R1B,0,-0.556339372
0.633021420946982,10.4620697868286,RELN,0,-0.08043298
0.000143655188473452,0.0059545075622246,CD2,0,-0.284353424
0.000515985695343847,0.0119090151244492,CD8A,0,-0.387329072
1.99864821334054,21.7518161248065,SNAP25,0,-1.397746096
0.0716728329559964,1.645533552,ALDH1L1,1,-0.361068199
0.325252199632424,6.11910528565323,GFAP,1,-0.616894596
0.00482109693723643,0.0926057842997578,CX3CR1,1,-0.369553186
0.0200586089818331,0.555634705798547,ITGAM,1,-0.290843115
0.0202356235300881,0.420287790283516,MOG,1,-0.354447924
0.346743724617712,4.83687134919504,MBP,1,-0.941586962
0.0101904739355944,0.192335090468728,PDGFRA,1,-0.352170172
0.00261667512380327,0.0427411312152728,GPR17,1,-0.284270192
0.00694064852913506,0.106852828038182,VWF,1,-0.298369005
0.00862373039590235,0.106852828038182,CLDN5,1,-0.298250299
0.00685566905678651,0.121099871776606,PDGFRB,1,-0.462689401
0.00668183319259372,0.121099871776606,NOTCH3,1,-0.287780781
2.29740049062619,38.8801823621599,SLC17A7,1,0.514487008123024
0.0384078403394428,0.63399344635988,GAD2,1,-0.654516525
0.0481092243371583,0.783587405613335,PPP1R1B,1,-0.984530047
3.81622219149208,52.6214560478701,RELN,1,1.61251935933864
0.00283053849107767,0.00712352186921214,CD2,1,-0.276881791
0.0420912915254294,0.990169539820487,CD8A,1,-0.241442932
30.1405591137171,97.4782732582989,SNAP25,1,0.919707464467752
0.0333569335698192,0.488758553274682,ALDH1L1,2,-0.458488534
0.7678388550159,7.13587487781036,GFAP,2,-0.356552992
0.0427117923586877,0.499619854458564,CX3CR1,2,-0.303596369
0.00562347350984941,0.0977517106549365,ITGAM,2,-0.33710047
0.0921712112996355,1.10785272075595,MOG,2,-0.228830704
2.04255871727766,25.2090800477897,MBP,2,-0.060270986
0.0505635511562109,0.738568480503964,PDGFRA,2,-0.301637115
0.00874852879200434,0.130335614206582,GPR17,2,-0.272195325
0.0226725800376847,0.445313348539155,VWF,2,-0.271432697
0.0171730203588666,0.184642120125991,CLDN5,2,-0.284735323
0.0600169840911028,1.97675681546649,PDGFRB,2,-0.362684365
0.0105837718044296,0.152058216574346,NOTCH3,2,-0.277006586
6.76467330825658,55.5772781579233,SLC17A7,2,1.57520790251034
0.589825112755336,5.34376018246986,GAD2,2,-0.187367994
1.33562882576937,13.7178233952428,PPP1R1B,2,1.04229851537347
0.294876992327537,3.50820028239383,RELN,2,-0.443605779
0,0,CD2,2,-0.284753462
0.0528926503622748,1.50972086455957,CD8A,2,-0.204493735
41.4388425578465,94.5476268056913,SNAP25,2,1.2262319845129
2.86060559875338,45.460304054054,ALDH1L1,3,2.5
25.4117292530196,75.9712837837838,GFAP,3,2.08649582355842
0.0420310863282535,0.82347972972973,CX3CR1,3,-0.30476
0.00396489598639707,0.126689189189189,ITGAM,3,-0.342457852
0.0409998569429855,0.717905405405405,MOG,3,-0.317301418
1.40875576397302,14.5481418918919,MBP,3,-0.312863572
0.0304685618409909,0.506756756756757,PDGFRA,3,-0.326541556
0.00705738945006174,0.190033783783784,GPR17,3,-0.275518177
0.0431253157458202,0.316722972972973,VWF,3,-0.237026364
0.122265444638544,2.82939189189189,CLDN5,3,-0.127300863
2.13975218640674,39.8859797297297,PDGFRB,3,1.74782604247379
0.12096023023866,3.18834459459459,NOTCH3,3,0.0116873925043552
0.187617935062574,3.27280405405405,SLC17A7,3,-0.750259535
0.0915611521827242,1.9214527027027,GAD2,3,-0.599765977
1.70324914193536,30.9966216216216,PPP1R1B,3,1.41203597607178
0.129595289125905,3.10388513513514,RELN,3,-0.65735604
0.0021844853534842,0.0422297297297297,CD2,3,-0.278676493
0.0019599402328933,0.0633445945945946,CD8A,3,-0.382161462
2.35664817484035,27.9983108108108,SNAP25,3,-1.286068134
0.0194342460835479,0.343824385083311,ALDH1L1,4,-0.494785124
1.8654652558983,11.3197566781275,GFAP,4,0.0798021934854225
7.27198032404334,47.2626289341444,CX3CR1,4,2.5
2.18991246795371,24.3850833112933,ITGAM,4,2.5
0.216934489497449,2.40677069558318,MOG,4,-0.029405016
4.36047701469263,29.0928325839725,MBP,4,0.552160040844222
0.0343493759571507,0.370272414705104,PDGFRA,4,-0.321694301
0.00210930975104426,0.0528960592435864,GPR17,4,-0.285272603
0.015530692646986,0.264480296217932,VWF,4,-0.283609349
0.0169124491180073,0.264480296217932,CLDN5,4,-0.285145561
0.0181932108611873,0.238032266596139,PDGFRB,4,-0.440925738
0.0170814823107605,0.211584236974345,NOTCH3,4,-0.259156819
0.239765295487345,2.45966675482677,SLC17A7,4,-0.697037689
0.12161277202046,1.48108965882042,GAD2,4,-0.569979421
0.199181109708697,2.3274266067178,PPP1R1B,4,-0.643937279
0.0683805798139501,0.819888918275588,RELN,4,-0.744566814
0.0580066499501963,0.343824385083311,CD2,4,-0.127721565
0.0604658236780969,0.264480296217932,CD8A,4,-0.178812845
2.63945889470176,20.9468394604602,SNAP25,4,-1.205967407
0.00641404582524509,0.525587828492393,ALDH1L1,5,-0.529180305
0.226872769583401,9.26694329183956,GFAP,5,-0.686583716
0.0108940993035363,0.802213001383126,CX3CR1,5,-0.35881616
0.00442680919543691,0.276625172890733,ITGAM,5,-0.340964934
0.0306553165847269,1.9640387275242,MOG,5,-0.3357139
0.972559905123811,46.3900414937759,MBP,5,-0.528895128
0.0337735807968196,2.46196403872752,PDGFRA,5,-0.322412336
0.00614128638226282,0.359612724757953,GPR17,5,-0.277320521
0.0369836080119225,3.34716459197787,VWF,5,-0.247286779
0.00258684162281002,0.16597510373444,CLDN5,5,-0.307862779
0.0830432103360098,6.39004149377593,PDGFRB,5,-0.320915835
0.0052119210996969,0.580912863070539,NOTCH3,5,-0.291850396
3.32226931379993,63.762102351314,SLC17A7,5,0.84968466258983
1.43659139748546,29.8755186721992,GAD2,5,0.280921907305856
2.9551523176529,47.4135546334716,PPP1R1B,5,2.37465391330945
0.170455432106762,10.7883817427386,RELN,5,-0.601735767
0,0,CD2,5,-0.284753462
0.0859277049662486,8.38174273858921,CD8A,5,-0.093796001
21.5286267281343,99.1147994467497,SNAP25,5,0.599150183562267
0.0409303464677898,2.18778486782133,ALDH1L1,6,-0.43894939
0.969636398130275,9.66271649954421,GFAP,6,-0.258895073
0.0513062983956487,0.957155879671832,CX3CR1,6,-0.2889695
0.0066069854458151,0.136736554238833,ITGAM,6,-0.333927793
0.045615862587181,0.957155879671832,MOG,6,-0.309144248
1.87711409567149,31.996353691887,MBP,6,-0.120730852
0.0380798241769265,1.41294439380128,PDGFRA,6,-0.31705197
0,0,GPR17,6,-0.289445454
0.0282075811753234,0.227894257064722,VWF,6,-0.262054073
0.0160385672497528,0.182315405651778,CLDN5,6,-0.28652215
0.0224310840685484,0.865998176845944,PDGFRB,6,-0.432852837
0.00141023673926189,0.0455788514129444,NOTCH3,6,-0.302403444
0.339805929509049,5.05925250683683,SLC17A7,6,-0.600926065
8.75135876451906,63.081130355515,GAD2,6,1.80191461449176
0.368327145113965,6.28988149498633,PPP1R1B,6,-0.310176791
0.66977548245096,9.07019143117594,RELN,6,-0.045593926
0,0,CD2,6,-0.284753462
0.044080746164342,1.68641750227894,CD8A,6,-0.234608735
26.293730234034,93.2087511394713,SNAP25,6,0.789143304738576
0.697214390783129,12.109375,ALDH1L1,7,0.869169779743901
1.46591307416963,18.65234375,GFAP,7,-0.055871743
0.0289738250724626,0.48828125,CX3CR1,7,-0.327229073
0.00787875403436799,0.29296875,ITGAM,7,-0.329829832
0.20298330355144,3.80859375,MOG,7,-0.050663403
3.11921738795819,37.98828125,MBP,7,0.267341647901586
18.0442335099346,88.72070313,PDGFRA,7,2.5
5.68547663699578,51.80664063,GPR17,7,2.5
0.024190956278135,0.390625,VWF,7,-0.268854885
0.0191265699547535,0.146484375,CLDN5,7,-0.281663038
0.325285666109348,6.103515625,PDGFRB,7,0.071412480608967
0,0,NOTCH3,7,-0.306328293
0.144983196443634,2.34375,SLC17A7,7,-0.79553893
0.0609929946591308,1.318359375,GAD2,7,-0.630917954
0.171173866788172,3.02734375,PPP1R1B,7,-0.703714078
0.0420559101730807,0.9765625,RELN,7,-0.78361835
0.00326920483238026,0.09765625,CD2,7,-0.275663857
0.00366872908180646,0.09765625,CD8A,7,-0.376055678
3.05888387224491,37.20703125,SNAP25,7,-1.097961471
0.0629700366614472,2.71516393442623,ALDH1L1,8,-0.382886296
0.519816873832081,8.81147540983607,GFAP,8,-0.493129855
0.0205338370589853,0.717213114754098,CX3CR1,8,-0.341904919
0.00186850366591375,0.153688524590164,ITGAM,8,-0.3492421
0.0256386950993565,0.819672131147541,MOG,8,-0.344709745
1.69801714441664,40.8299180327869,MBP,8,-0.190230351
0.413438048167407,14.0368852459016,PDGFRA,8,0.0809579930309929
0.00329835053491705,0.204918032786885,GPR17,8,-0.282924191
0.00177820352878928,0.153688524590164,VWF,8,-0.307299959
0.00255623707764969,0.153688524590164,CLDN5,8,-0.307911657
0.0393975449779387,1.89549180327869,PDGFRB,8,-0.400864432
0.00167075315245973,0.153688524590164,NOTCH3,8,-0.301679002
0.1229911431659,4.66188524590164,SLC17A7,8,-0.819558786
8.55519954780595,74.9487704918033,GAD2,8,1.77962718161295
0.192732666439938,7.53073770491803,PPP1R1B,8,-0.657575757
5.99192627320457,31.8135245901639,RELN,8,2.1960068355157
0,0,CD2,8,-0.284753462
0.024334729368786,1.58811475409836,CD8A,8,-0.303024847
15.6208120257536,93.9036885245902,SNAP25,8,0.297994388492448
0.658616065154213,10.8707709373267,ALDH1L1,10,0.807614051595205
38.5018378759711,70.6600110926234,GFAP,10,2.45018077082316
0.0881211000092556,1.71935662784248,CX3CR1,10,-0.227639043
0.0613730656853912,1.33111480865225,ITGAM,10,-0.161982322
0.120586521077199,1.55296727676095,MOG,10,-0.181476627
1.35441866215238,17.7481974486966,MBP,10,-0.337536344
0.422607637399906,4.76982806433722,PDGFRA,10,0.0892965802207294
0.0396294263118402,0.887409872434831,GPR17,10,-0.212479029
7.82309683913841,41.9301164725458,VWF,10,2.5
9.58203144871378,47.9201331114809,CLDN5,10,2.5
4.45298610313869,36.6611203549639,PDGFRB,10,2.5
2.86999721073409,26.5668330560177,NOTCH3,10,2.5
0.205454170034625,3.66056572379368,SLC17A7,10,-0.731797287
0.08151686007653,1.83028286189684,GAD2,10,-0.609904819
1.07611216758073,18.8574597892402,PPP1R1B,10,0.744369788970205
0.167499383566893,2.99500831946755,RELN,10,-0.605693994
0.0181298907450965,0.499168053244592,CD2,10,-0.234715505
0.00894489250427079,0.277315585135885,CD8A,10,-0.357268468
2.50464623496396,26.4559068219634,SNAP25,10,-1.243343569
0.00192729844794656,0.204081632653061,ALDH1L1,13,-0.541136023
0.573096570447273,19.7959183673469,GFAP,13,-0.461999483
0.0294346305069715,1.02040816326531,CX3CR1,13,-0.326431272
0.020943836671127,0.408163265306122,ITGAM,13,-0.288027746
0.0345997001970528,1.42857142857143,MOG,13,-0.328671495
1.40235959486344,48.3673469387755,MBP,13,-0.315738808
0.00580148198857398,0.204081632653061,PDGFRA,13,-0.357784929
0.0231358648996553,0.816326530612245,GPR17,13,-0.244149464
0.0171135151802282,1.22448979591837,VWF,13,-0.280903325
0,0,CLDN5,13,-0.311999509
0.00139638475985673,0.204081632653061,PDGFRB,13,-0.473256668
0.0011971001446097,0.204081632653061,NOTCH3,13,-0.302996273
6.89242787661472,87.9591836734694,SLC17A7,13,1.59541964923886
0.0551725760259139,0.816326530612245,GAD2,13,-0.636951143
0.240934589148791,12.6530612244898,PPP1R1B,13,-0.557364748
0.0270369306976395,0.408163265306122,RELN,13,-0.806342781
0,0,CD2,13,-0.284753462
0.0362264152845964,2.24489795918367,CD8A,13,-0.26166621
29.393605053807,100,SNAP25,13,0.895666093442063
0.148760726361365,9.45945945945946,ALDH1L1,14,-0.175200536
0.160318479762205,4.72972972972973,GFAP,14,-0.736974227
0.0112921420057278,0.675675675675676,CX3CR1,14,-0.358114677
0,0,ITGAM,14,-0.355300841
0.0631930386385024,1.57657657657658,MOG,14,-0.278408986
0.368144588221925,5.18018018018018,MBP,14,-0.924538412
0.0201704225826794,0.675675675675676,PDGFRA,14,-0.339493278
0.0156061303582965,0.45045045045045,GPR17,14,-0.258777954
0,0,VWF,14,-0.310386886
0.0101531142240284,0.675675675675676,CLDN5,14,-0.295824209
0.00166685335424234,0.225225225225225,PDGFRB,14,-0.47273178
0,0,NOTCH3,14,-0.306328293
0.12327992061808,2.92792792792793,SLC17A7,14,-0.819240344
8.50125369919535,89.4144144144144,GAD2,14,1.77341765687557
0.525339477638487,22.7477477477477,PPP1R1B,14,-0.035407936
1.7395395271123,47.0720720720721,RELN,14,0.729382463175176
0,0,CD2,14,-0.284753462
0.0170335943646099,1.12612612612613,CD8A,14,-0.328656365
13.0716156586501,94.5945945945946,SNAP25,14,0.133127289828894
0.0907093023474843,1.71821305841924,ALDH1L1,15,-0.313954626
1.61310589115496,9.62199312714777,GFAP,15,-0.003490504
0.639265791190711,7.21649484536082,CX3CR1,15,0.502568219252228
0.255155217481918,4.46735395189003,ITGAM,15,0.382289853554324
0.0405717369166291,0.343642611683849,MOG,15,-0.318059802
2.82193897489907,14.4329896907216,MBP,15,0.186342259970534
0,0,PDGFRA,15,-0.365244374
0,0,GPR17,15,-0.289445454
0.0641406715679701,0.687285223367698,VWF,15,-0.202369249
0.15816053796574,0.687285223367698,CLDN5,15,-0.076888913
0.0566123127018005,0.687285223367698,PDGFRB,15,-0.368937169
0,0,NOTCH3,15,-0.306328293
0.987565217799908,13.4020618556701,SLC17A7,15,-0.112475981
0.210942473700757,2.06185567010309,GAD2,15,-0.485933306
0.330415526468061,1.03092783505155,PPP1R1B,15,-0.381248194
2.41209379286405,24.0549828178694,RELN,15,1.07302050070057
2.85245081749622,14.0893470790378,CD2,15,2.5
1.92620500940968,12.0274914089347,CD8A,15,2.5
22.0460787096303,67.3539518900344,SNAP25,15,0.621636854198824
0,0,ALDH1L1,16,-0.546288092
0.159197174095588,7.27272727272727,GFAP,16,-0.737847749
0.0212349351155467,1.81818181818182,CX3CR1,16,-0.340681203
0.00642518451087113,1.21212121212121,ITGAM,16,-0.334514025
0.00782720658737706,0.606060606060606,MOG,16,-0.377008769
1.14671060048983,54.5454545454545,MBP,16,-0.437407375
0.0775101318472388,7.87878787878788,PDGFRA,16,-0.268978744
0,0,GPR17,16,-0.289445454
0.0238835001457715,3.03030303030303,VWF,16,-0.269376557
0.00316944151271104,0.606060606060606,CLDN5,16,-0.306932591
0.013829851725862,1.21212121212121,PDGFRB,16,-0.449272866
0.0225527739042778,3.03030303030303,NOTCH3,16,-0.244214929
6.70923844135367,95.1515151515152,SLC17A7,16,1.56633401580361
0.00343202110006572,0.606060606060606,GAD2,16,-0.692094203
0.153095217667387,15.7575757575758,PPP1R1B,16,-0.743063992
0.0039166382710392,0.606060606060606,RELN,16,-0.841982727
0,0,CD2,16,-0.284753462
0.0813803640656375,5.45454545454545,CD8A,16,-0.1088323
25.1942671355183,100,SNAP25,16,0.748429113795497
