"source","target","ligand","receptor","prob","pval","interaction_name","interaction_name_2","pathway_name","annotation","evidence"
"Astro_Thyme","Mglia_Violet","TGFB2","TGFbR1_R2",0.00506336731028309,0,"TGFB2_TGFBR1_TGFBR2","TGFB2 - (TGFBR1+TGFBR2)","TGFb","Secreted Signaling","KEGG: hsa04350"
"Astro_Thyme","Astro_Thyme","BMP7","BMPR1A_BMPR2",0.003845342276465,0,"BMP7_BMPR1A_BMPR2","BMP7 - (BMPR1A+BMPR2)","BMP","Secreted Signaling","KEGG: hsa04350; PMID:26893264"
"Astro_Thyme","Astro_Thyme","BMP7","BMPR1B_BMPR2",0.00640398746147578,0,"BMP7_BMPR1B_BMPR2","BMP7 - (BMPR1B+BMPR2)","BMP","Secreted Signaling","KEGG: hsa04350; PMID:26893264"
"Oligo_Oak","Astro_Thyme","FGF1","FGFR1",0.0413075139490131,0,"FGF1_FGFR1","FGF1 - FGFR1","FGF","Secreted Signaling","PMC: 4393358"
"Oligo_Oak","Astro_Thyme","FGF1","FGFR2",0.0108134756478075,0,"FGF1_FGFR2","FGF1 - FGFR2","FGF","Secreted Signaling","PMC: 4393358"
"Oligo_Oak","Oligo_Oak","FGF1","FGFR2",0.0424367650950568,0,"FGF1_FGFR2","FGF1 - FGFR2","FGF","Secreted Signaling","PMC: 4393358"
"Oligo_Oak","Astro_Thyme","FGF1","FGFR3",0.0452701160995168,0,"FGF1_FGFR3","FGF1 - FGFR3","FGF","Secreted Signaling","PMC: 4393358"
"Astro_Thyme","Astro_Thyme","FGF2","FGFR1",0.0441925857961513,0,"FGF2_FGFR1","FGF2 - FGFR1","FGF","Secreted Signaling","PMC: 4393358"
"Astro_Thyme","Astro_Thyme","FGF2","FGFR2",0.0115944875369337,0,"FGF2_FGFR2","FGF2 - FGFR2","FGF","Secreted Signaling","PMC: 4393358"
"Astro_Thyme","Oligo_Oak","FGF2","FGFR2",0.0453969732958462,0,"FGF2_FGFR2","FGF2 - FGFR2","FGF","Secreted Signaling","PMC: 4393358"
"Astro_Thyme","Astro_Thyme","FGF2","FGFR3",0.0484179732693343,0,"FGF2_FGFR3","FGF2 - FGFR3","FGF","Secreted Signaling","PMC: 4393358"
"Astro_Thyme","Mglia_Daisy","CSF1","CSF1R",0.0319044587460314,0,"CSF1_CSF1R","CSF1 - CSF1R","CSF","Secreted Signaling","KEGG: hsa04060"
"Astro_Thyme","Mglia_Violet","CSF1","CSF1R",0.0322585439164578,0,"CSF1_CSF1R","CSF1 - CSF1R","CSF","Secreted Signaling","KEGG: hsa04060"
"Astro_Thyme","Astro_Thyme","PTN","PTPRZ1",0.0252584617045884,0,"PTN_PTPRZ1","PTN - PTPRZ1","PTN","Secreted Signaling","PMID: 28356350; PMID: 25620911"
"Astro_Thyme","Astro_Thyme","PTN","SDC2",0.0036624459678025,0,"PTN_SDC2","PTN - SDC2","PTN","Secreted Signaling","PMID: 28356350; PMID: 25620911"
"Astro_Thyme","Astro_Thyme","PTN","SDC3",0.00392300006330603,0,"PTN_SDC3","PTN - SDC3","PTN","Secreted Signaling","PMID: 28356350; PMID: 25620911"
"Astro_Thyme","Astro_Thyme","PTN","SDC4",0.00480050845598743,0,"PTN_SDC4","PTN - SDC4","PTN","Secreted Signaling","PMID: 28356350; PMID: 25620911"
"Astro_Thyme","Oligo_Oak","PTN","NCL",0.00494768592847957,0,"PTN_NCL","PTN - NCL","PTN","Secreted Signaling","PMID: 28356350; PMID: 25620911"
"Mglia_Daisy","Mglia_Daisy","C3","C3AR1",0.0540242798113967,0,"C3_C3AR1","C3 - C3AR1","COMPLEMENT","Secreted Signaling","KEGG: hsa04080"
"Mglia_Violet","Mglia_Daisy","C3","C3AR1",0.0542700945352538,0,"C3_C3AR1","C3 - C3AR1","COMPLEMENT","Secreted Signaling","KEGG: hsa04080"
"Mglia_Daisy","Mglia_Violet","C3","C3AR1",0.0492075656921936,0,"C3_C3AR1","C3 - C3AR1","COMPLEMENT","Secreted Signaling","KEGG: hsa04080"
"Mglia_Violet","Mglia_Violet","C3","C3AR1",0.0494326092457914,0,"C3_C3AR1","C3 - C3AR1","COMPLEMENT","Secreted Signaling","KEGG: hsa04080"
"Mglia_Daisy","Mglia_Daisy","C3","ITGAM_ITGB2",0.0469303369873807,0,"C3_ITGAM_ITGB2","C3 - (ITGAM+ITGB2)","COMPLEMENT","Secreted Signaling","PMID: 16234578"
"Mglia_Violet","Mglia_Daisy","C3","ITGAM_ITGB2",0.047145482382195,0,"C3_ITGAM_ITGB2","C3 - (ITGAM+ITGB2)","COMPLEMENT","Secreted Signaling","PMID: 16234578"
"Mglia_Daisy","Mglia_Violet","C3","ITGAM_ITGB2",0.0823512080161071,0,"C3_ITGAM_ITGB2","C3 - (ITGAM+ITGB2)","COMPLEMENT","Secreted Signaling","PMID: 16234578"
"Mglia_Violet","Mglia_Violet","C3","ITGAM_ITGB2",0.0827146425730638,0,"C3_ITGAM_ITGB2","C3 - (ITGAM+ITGB2)","COMPLEMENT","Secreted Signaling","PMID: 16234578"
"Mglia_Daisy","Mglia_Daisy","C3","ITGAX_ITGB2",0.0531181837759122,0,"C3_ITGAX_ITGB2","C3 - (ITGAX+ITGB2)","COMPLEMENT","Secreted Signaling","PMID: 16234578"
"Mglia_Violet","Mglia_Daisy","C3","ITGAX_ITGB2",0.0533601082487465,0,"C3_ITGAX_ITGB2","C3 - (ITGAX+ITGB2)","COMPLEMENT","Secreted Signaling","PMID: 16234578"
"Mglia_Daisy","Mglia_Violet","C3","ITGAX_ITGB2",0.137319381845505,0,"C3_ITGAX_ITGB2","C3 - (ITGAX+ITGB2)","COMPLEMENT","Secreted Signaling","PMID: 16234578"
"Mglia_Violet","Mglia_Violet","C3","ITGAX_ITGB2",0.137888951489618,0,"C3_ITGAX_ITGB2","C3 - (ITGAX+ITGB2)","COMPLEMENT","Secreted Signaling","PMID: 16234578"
"Mglia_Daisy","Astro_Thyme","GRN","SORT1",0.00539519336505256,0,"GRN_SORT1","GRN - SORT1","GRN","Secreted Signaling","PMID: 29555433"
"Mglia_Violet","Astro_Thyme","GRN","SORT1",0.00549674803227495,0,"GRN_SORT1","GRN - SORT1","GRN","Secreted Signaling","PMID: 29555433"
"Mglia_Daisy","Oligo_Oak","GRN","SORT1",0.0393372929031834,0,"GRN_SORT1","GRN - SORT1","GRN","Secreted Signaling","PMID: 29555433"
"Mglia_Violet","Oligo_Oak","GRN","SORT1",0.0400520176754208,0,"GRN_SORT1","GRN - SORT1","GRN","Secreted Signaling","PMID: 29555433"
"Mglia_Daisy","Mglia_Daisy","LGALS9","PTPRC",0.0193845391146568,0,"LGALS9_CD45","LGALS9 - CD45","GALECTIN","Secreted Signaling","PMID: 30120235"
"Mglia_Daisy","Mglia_Violet","LGALS9","PTPRC",0.0203299931533427,0,"LGALS9_CD45","LGALS9 - CD45","GALECTIN","Secreted Signaling","PMID: 30120235"
"Astro_Thyme","Astro_Thyme","PSAP","GPR37L1",0.0660439021255375,0,"PSAP_GPR37L1","PSAP - GPR37L1","PSAP","Secreted Signaling","PMID: 23690594"
"Mglia_Daisy","Astro_Thyme","PSAP","GPR37L1",0.0998328149509115,0,"PSAP_GPR37L1","PSAP - GPR37L1","PSAP","Secreted Signaling","PMID: 23690594"
"Mglia_Violet","Astro_Thyme","PSAP","GPR37L1",0.10065634480949,0,"PSAP_GPR37L1","PSAP - GPR37L1","PSAP","Secreted Signaling","PMID: 23690594"
"Oligo_Oak","Astro_Thyme","PSAP","GPR37L1",0.0773075338800099,0,"PSAP_GPR37L1","PSAP - GPR37L1","PSAP","Secreted Signaling","PMID: 23690594"
"Astro_Thyme","Oligo_Oak","PSAP","GPR37",0.107232735054527,0,"PSAP_GPR37","PSAP - GPR37","PSAP","Secreted Signaling","PMID: 23690594"
"Mglia_Daisy","Oligo_Oak","PSAP","GPR37",0.158517769199829,0,"PSAP_GPR37","PSAP - GPR37","PSAP","Secreted Signaling","PMID: 23690594"
"Mglia_Violet","Oligo_Oak","PSAP","GPR37",0.159739490829366,0,"PSAP_GPR37","PSAP - GPR37","PSAP","Secreted Signaling","PMID: 23690594"
"Oligo_Oak","Oligo_Oak","PSAP","GPR37",0.124583979064851,0,"PSAP_GPR37","PSAP - GPR37","PSAP","Secreted Signaling","PMID: 23690594"
"Mglia_Daisy","Mglia_Daisy","LGALS9","HAVCR2",0.00626690840488914,0,"LGALS9_HAVCR2","LGALS9 - HAVCR2","GALECTIN","Secreted Signaling","PMID: 27192565"
"Mglia_Daisy","Mglia_Violet","LGALS9","HAVCR2",0.00646065768500336,0,"LGALS9_HAVCR2","LGALS9 - HAVCR2","GALECTIN","Secreted Signaling","PMID: 27192565"
"Astro_Thyme","Oligo_Oak","SLITRK2","PTPRD",0.0622130596465173,0,"SLITRK2_PTPRD","SLITRK2 - PTPRD","SLITRK","Secreted Signaling","PMID: 30648269;PMID: 30822649"
"Astro_Thyme","Astro_Thyme","LAMB2","ITGAV_ITGB8",0.0113052584252183,0,"LAMB2_ITGAV_ITGB8","LAMB2 - (ITGAV+ITGB8)","LAMININ","ECM-Receptor","KEGG: hsa04512"
"Oligo_Oak","Astro_Thyme","COL4A5","ITGAV_ITGB8",0.0138209869577575,0,"COL4A5_ITGAV_ITGB8","COL4A5 - (ITGAV+ITGB8)","COLLAGEN","ECM-Receptor","KEGG: hsa04512"
"Astro_Thyme","Astro_Thyme","COL6A1","ITGAV_ITGB8",0.0100771526168642,0,"COL6A1_ITGAV_ITGB8","COL6A1 - (ITGAV+ITGB8)","COLLAGEN","ECM-Receptor","KEGG: hsa04512"
"Oligo_Oak","Astro_Thyme","COL4A5","SDC4",0.00438006987322804,0,"COL4A5_SDC4","COL4A5 - SDC4","COLLAGEN","ECM-Receptor","KEGG: hsa04512"
"Astro_Thyme","Astro_Thyme","COL6A1","SDC4",0.00318533462721033,0,"COL6A1_SDC4","COL6A1 - SDC4","COLLAGEN","ECM-Receptor","KEGG: hsa04512"
"Oligo_Oak","Astro_Thyme","THBS2","SDC4",0.00469976337491521,0,"THBS2_SDC4","THBS2 - SDC4","THBS","ECM-Receptor","KEGG: hsa04512"
"Oligo_Oak","Astro_Thyme","THBS2","CD47",0.00343219439433947,0,"THBS2_CD47","THBS2 - CD47","THBS","ECM-Receptor","KEGG: hsa04512"
"Oligo_Oak","Oligo_Oak","THBS2","CD47",0.0047265246383836,0,"THBS2_CD47","THBS2 - CD47","THBS","ECM-Receptor","KEGG: hsa04512"
"Astro_Thyme","Astro_Thyme","LAMB2","DAG1",0.00313596228490019,0,"LAMB2_DAG1","LAMB2 - DAG1","LAMININ","ECM-Receptor","KEGG: hsa04512"
"Astro_Thyme","Astro_Thyme","Glu-SLC1A2_GLS","GRIA2",0.0345075471018534,0,"Glutamate-Glu-SLC1A2_GLS_GRIA2","Glu-(SLC1A2+GLS) - GRIA2","Glutamate","Non-protein Signaling","PMID: 24155668;PMID: 14612154"
"Astro_Thyme","Astro_Thyme","Glu-SLC1A3_GLS","GRIA2",0.0320284349682324,0,"Glutamate-Glu-SLC1A3_GLS_GRIA2","Glu-(SLC1A3+GLS) - GRIA2","Glutamate","Non-protein Signaling","PMID: 24155668;PMID: 14612154"
"Mglia_Violet","Astro_Thyme","Glu-SLC1A3_GLS","GRIA2",0.037939786231996,0,"Glutamate-Glu-SLC1A3_GLS_GRIA2","Glu-(SLC1A3+GLS) - GRIA2","Glutamate","Non-protein Signaling","PMID: 24155668;PMID: 14612154"
"Astro_Thyme","Oligo_Oak","Glu-SLC1A2_GLS","GRIA4",0.00995355434045157,0,"Glutamate-Glu-SLC1A2_GLS_GRIA4","Glu-(SLC1A2+GLS) - GRIA4","Glutamate","Non-protein Signaling","PMID: 24155668;PMID: 14612154"
"Astro_Thyme","Oligo_Oak","Glu-SLC1A3_GLS","GRIA4",0.00922161650688401,0,"Glutamate-Glu-SLC1A3_GLS_GRIA4","Glu-(SLC1A3+GLS) - GRIA4","Glutamate","Non-protein Signaling","PMID: 24155668;PMID: 14612154"
"Mglia_Violet","Oligo_Oak","Glu-SLC1A3_GLS","GRIA4",0.0109713211195519,0,"Glutamate-Glu-SLC1A3_GLS_GRIA4","Glu-(SLC1A3+GLS) - GRIA4","Glutamate","Non-protein Signaling","PMID: 24155668;PMID: 14612154"
"Astro_Thyme","Oligo_Oak","Glu-SLC1A2_GLS","GRM3",0.0327015726960844,0,"Glutamate-Glu-SLC1A2_GLS_GRM3","Glu-(SLC1A2+GLS) - GRM3","Glutamate","Non-protein Signaling","PMID: 24155668;PMID: 14612154"
"Astro_Thyme","Oligo_Oak","Glu-SLC1A3_GLS","GRM3",0.0303481281945504,0,"Glutamate-Glu-SLC1A3_GLS_GRM3","Glu-(SLC1A3+GLS) - GRM3","Glutamate","Non-protein Signaling","PMID: 24155668;PMID: 14612154"
"Mglia_Violet","Oligo_Oak","Glu-SLC1A3_GLS","GRM3",0.0359608738766917,0,"Glutamate-Glu-SLC1A3_GLS_GRM3","Glu-(SLC1A3+GLS) - GRM3","Glutamate","Non-protein Signaling","PMID: 24155668;PMID: 14612154"
"Oligo_Oak","Astro_Thyme","Cholesterol-DHCR24","RORA",0.0600348231981766,0,"Cholesterol-Cholesterol-DHCR24_RORA","CHOLESTEROL-DHCR24 - RORA","Cholesterol","Non-protein Signaling","HMRbase;PMID:12467577;PDB:1N83"
"Mglia_Daisy","Astro_Thyme","Cholesterol-LIPA","RORA",0.0200765714060947,0,"Cholesterol-Cholesterol-LIPA_RORA","CHOLESTEROL-LIPA - RORA","Cholesterol","Non-protein Signaling","HMRbase;PMID:12467577;PDB:1N83"
"Mglia_Violet","Astro_Thyme","Cholesterol-LIPA","RORA",0.0221206097207155,0,"Cholesterol-Cholesterol-LIPA_RORA","CHOLESTEROL-LIPA - RORA","Cholesterol","Non-protein Signaling","HMRbase;PMID:12467577;PDB:1N83"
"Oligo_Oak","Astro_Thyme","Cholesterol-LIPA","RORA",0.018626685359725,0,"Cholesterol-Cholesterol-LIPA_RORA","CHOLESTEROL-LIPA - RORA","Cholesterol","Non-protein Signaling","HMRbase;PMID:12467577;PDB:1N83"
"Astro_Thyme","Mglia_Daisy","APP","CD74",0.0327087926872546,0,"APP_CD74","APP - CD74","APP","Cell-Cell Contact","PMID: 19849849"
"Oligo_Oak","Mglia_Daisy","APP","CD74",0.206609206207564,0,"APP_CD74","APP - CD74","APP","Cell-Cell Contact","PMID: 19849849"
"Astro_Thyme","Mglia_Violet","APP","CD74",0.0324295715237194,0,"APP_CD74","APP - CD74","APP","Cell-Cell Contact","PMID: 19849849"
"Oligo_Oak","Mglia_Violet","APP","CD74",0.205160332826467,0,"APP_CD74","APP - CD74","APP","Cell-Cell Contact","PMID: 19849849"
"Astro_Thyme","Astro_Thyme","CADM1","CADM1",0.125285658213655,0,"CADM1_CADM1","CADM1 - CADM1","CADM","Cell-Cell Contact","PMID: 24503895"
"Oligo_Oak","Astro_Thyme","CADM1","CADM1",0.028147090977693,0,"CADM1_CADM1","CADM1 - CADM1","CADM","Cell-Cell Contact","PMID: 24503895"
"Astro_Thyme","Oligo_Oak","CADM1","CADM1",0.028147090977693,0,"CADM1_CADM1","CADM1 - CADM1","CADM","Cell-Cell Contact","PMID: 24503895"
"Mglia_Daisy","Mglia_Daisy","ENTPD1","TMIGD3",0.0100893084749487,0,"ENTPD1_TMIGD3","ENTPD1 - TMIGD3","CD39","Cell-Cell Contact","PMID: 21677139"
"Mglia_Violet","Mglia_Daisy","ENTPD1","TMIGD3",0.0104327777421964,0,"ENTPD1_TMIGD3","ENTPD1 - TMIGD3","CD39","Cell-Cell Contact","PMID: 21677139"
"Mglia_Daisy","Oligo_Oak","PTPRC","CD22",0.0689980219438831,0,"PTPRC_CD22","PTPRC - CD22","CD45","Cell-Cell Contact","PMID: 12115612"
"Mglia_Violet","Oligo_Oak","PTPRC","CD22",0.0721851761521695,0,"PTPRC_CD22","PTPRC - CD22","CD45","Cell-Cell Contact","PMID: 12115612"
"Mglia_Daisy","Mglia_Daisy","PTPRC","MRC1",0.0263325436370294,0,"PTPRC_MRC1","PTPRC - MRC1","CD45","Cell-Cell Contact","PMID: 27601670; PMID: 10575006"
"Mglia_Violet","Mglia_Daisy","PTPRC","MRC1",0.0276073364773065,0,"PTPRC_MRC1","PTPRC - MRC1","CD45","Cell-Cell Contact","PMID: 27601670; PMID: 10575006"
"Astro_Thyme","Astro_Thyme","CDH2","CDH2",0.00454995592051599,0,"CDH2_CDH2","CDH2 - CDH2","CDH","Cell-Cell Contact","KEGG: hsa04514"
"Oligo_Oak","Oligo_Oak","CLDN11","CLDN11",0.0662318403536991,0,"CLDN11_CLDN11","CLDN11 - CLDN11","CLDN","Cell-Cell Contact","KEGG: hsa04514"
"Oligo_Oak","Oligo_Oak","CNTN2","CNTN2_CNTNAP2",0.094047112437716,0,"CNTN2_CNTN2_CNTNAP2","CNTN2 - (CNTN2+CNTNAP2)","CNTN","Cell-Cell Contact","KEGG: hsa04514"
"Oligo_Oak","Oligo_Oak","CNTN2","CNTN2",0.248080720206471,0,"CNTN2_CNTN2","CNTN2 - CNTN2","CNTN","Cell-Cell Contact","KEGG: hsa04514"
"Astro_Thyme","Astro_Thyme","CNTN1","NRCAM",0.038873956231487,0,"CNTN1_NRCAM","CNTN1 - NRCAM","CNTN","Cell-Cell Contact","KEGG: hsa04514"
"Oligo_Oak","Mglia_Daisy","JAM3","ITGAM_ITGB2",0.0214660433754708,0,"JAM3_ITGAM_ITGB2","JAM3 - (ITGAM+ITGB2)","JAM","Cell-Cell Contact","KEGG: hsa04514; PMID: 16118203, PMC2194005"
"Oligo_Oak","Mglia_Violet","JAM3","ITGAM_ITGB2",0.0384428564931061,0,"JAM3_ITGAM_ITGB2","JAM3 - (ITGAM+ITGB2)","JAM","Cell-Cell Contact","KEGG: hsa04514; PMID: 16118203, PMC2194005"
"Oligo_Oak","Oligo_Oak","JAM3","JAM3",0.0555859632555039,0,"JAM3_JAM3","JAM3 - JAM3","JAM","Cell-Cell Contact","KEGG: hsa04514"
"Oligo_Oak","Oligo_Oak","MAG","MAG",0.0438748852925328,0,"MAG_MAG","MAG - MAG","MAG","Cell-Cell Contact","KEGG: hsa04514"
"Mglia_Daisy","Mglia_Daisy","HLA-DPA1","CD4",0.0277872186840368,0,"HLA-DPA1_CD4","HLA-DPA1 - CD4","MHC-II","Cell-Cell Contact","KEGG: hsa04514"
"Mglia_Violet","Mglia_Daisy","HLA-DPA1","CD4",0.0278737370107741,0,"HLA-DPA1_CD4","HLA-DPA1 - CD4","MHC-II","Cell-Cell Contact","KEGG: hsa04514"
"Mglia_Daisy","Mglia_Violet","HLA-DPA1","CD4",0.0220138454052182,0,"HLA-DPA1_CD4","HLA-DPA1 - CD4","MHC-II","Cell-Cell Contact","KEGG: hsa04514"
"Mglia_Violet","Mglia_Violet","HLA-DPA1","CD4",0.0220827960537199,0,"HLA-DPA1_CD4","HLA-DPA1 - CD4","MHC-II","Cell-Cell Contact","KEGG: hsa04514"
"Mglia_Daisy","Mglia_Daisy","HLA-DPB1","CD4",0.0237111683675023,0,"HLA-DPB1_CD4","HLA-DPB1 - CD4","MHC-II","Cell-Cell Contact","KEGG: hsa04514"
"Mglia_Violet","Mglia_Daisy","HLA-DPB1","CD4",0.00901926417001679,0,"HLA-DPB1_CD4","HLA-DPB1 - CD4","MHC-II","Cell-Cell Contact","KEGG: hsa04514"
"Mglia_Daisy","Mglia_Violet","HLA-DPB1","CD4",0.0187683305199056,0,"HLA-DPB1_CD4","HLA-DPB1 - CD4","MHC-II","Cell-Cell Contact","KEGG: hsa04514"
"Mglia_Violet","Mglia_Violet","HLA-DPB1","CD4",0.00711677965332519,0,"HLA-DPB1_CD4","HLA-DPB1 - CD4","MHC-II","Cell-Cell Contact","KEGG: hsa04514"
"Mglia_Daisy","Mglia_Daisy","HLA-DMA","CD4",0.00672225673392258,0,"HLA-DMA_CD4","HLA-DMA - CD4","MHC-II","Cell-Cell Contact","KEGG: hsa04514"
"Mglia_Daisy","Mglia_Violet","HLA-DMA","CD4",0.00530170085247134,0,"HLA-DMA_CD4","HLA-DMA - CD4","MHC-II","Cell-Cell Contact","KEGG: hsa04514"
"Mglia_Daisy","Mglia_Daisy","HLA-DMB","CD4",0.00846627212688524,0,"HLA-DMB_CD4","HLA-DMB - CD4","MHC-II","Cell-Cell Contact","KEGG: hsa04514"
"Mglia_Violet","Mglia_Daisy","HLA-DMB","CD4",0.00904637253519993,0,"HLA-DMB_CD4","HLA-DMB - CD4","MHC-II","Cell-Cell Contact","KEGG: hsa04514"
"Mglia_Daisy","Mglia_Violet","HLA-DMB","CD4",0.00667964711270046,0,"HLA-DMB_CD4","HLA-DMB - CD4","MHC-II","Cell-Cell Contact","KEGG: hsa04514"
"Mglia_Violet","Mglia_Violet","HLA-DMB","CD4",0.00713821108602459,0,"HLA-DMB_CD4","HLA-DMB - CD4","MHC-II","Cell-Cell Contact","KEGG: hsa04514"
"Mglia_Daisy","Mglia_Daisy","HLA-DQB1","CD4",0.00768385065224269,0,"HLA-DQB1_CD4","HLA-DQB1 - CD4","MHC-II","Cell-Cell Contact","KEGG: hsa04514"
"Mglia_Daisy","Mglia_Violet","HLA-DQB1","CD4",0.00606132954524459,0,"HLA-DQB1_CD4","HLA-DQB1 - CD4","MHC-II","Cell-Cell Contact","KEGG: hsa04514"
"Mglia_Daisy","Mglia_Daisy","HLA-DRA","CD4",0.0434211153927236,0,"HLA-DRA_CD4","HLA-DRA - CD4","MHC-II","Cell-Cell Contact","KEGG: hsa04514"
"Mglia_Violet","Mglia_Daisy","HLA-DRA","CD4",0.042351184650858,0,"HLA-DRA_CD4","HLA-DRA - CD4","MHC-II","Cell-Cell Contact","KEGG: hsa04514"
"Mglia_Daisy","Mglia_Violet","HLA-DRA","CD4",0.0345147921738007,0,"HLA-DRA_CD4","HLA-DRA - CD4","MHC-II","Cell-Cell Contact","KEGG: hsa04514"
"Mglia_Violet","Mglia_Violet","HLA-DRA","CD4",0.033656598787976,0,"HLA-DRA_CD4","HLA-DRA - CD4","MHC-II","Cell-Cell Contact","KEGG: hsa04514"
"Mglia_Daisy","Mglia_Daisy","HLA-DRB1","CD4",0.025934243552593,0,"HLA-DRB1_CD4","HLA-DRB1 - CD4","MHC-II","Cell-Cell Contact","KEGG: hsa04514"
"Mglia_Violet","Mglia_Daisy","HLA-DRB1","CD4",0.0260236543779985,0,"HLA-DRB1_CD4","HLA-DRB1 - CD4","MHC-II","Cell-Cell Contact","KEGG: hsa04514"
"Mglia_Daisy","Mglia_Violet","HLA-DRB1","CD4",0.0205377315433158,0,"HLA-DRB1_CD4","HLA-DRB1 - CD4","MHC-II","Cell-Cell Contact","KEGG: hsa04514"
"Mglia_Violet","Mglia_Violet","HLA-DRB1","CD4",0.0206089310068937,0,"HLA-DRB1_CD4","HLA-DRB1 - CD4","MHC-II","Cell-Cell Contact","KEGG: hsa04514"
"Mglia_Daisy","Mglia_Daisy","HLA-DRB5","CD4",0.00729601282552906,0,"HLA-DRB5_CD4","HLA-DRB5 - CD4","MHC-II","Cell-Cell Contact","KEGG: hsa04514"
"Mglia_Daisy","Mglia_Violet","HLA-DRB5","CD4",0.00575491256119954,0,"HLA-DRB5_CD4","HLA-DRB5 - CD4","MHC-II","Cell-Cell Contact","KEGG: hsa04514"
"Astro_Thyme","Astro_Thyme","NCAM1","FGFR1",0.0650345548236012,0,"NCAM1_FGFR1","NCAM1 - FGFR1","NCAM","Cell-Cell Contact","PMID: 12791257"
"Oligo_Oak","Astro_Thyme","NCAM1","FGFR1",0.0947868264585521,0,"NCAM1_FGFR1","NCAM1 - FGFR1","NCAM","Cell-Cell Contact","PMID: 12791257"
"Astro_Thyme","Astro_Thyme","NCAM1","NCAM1",0.0998555854129084,0,"NCAM1_NCAM1","NCAM1 - NCAM1","NCAM","Cell-Cell Contact","KEGG: hsa04514"
"Oligo_Oak","Astro_Thyme","NCAM1","NCAM1",0.143099770201775,0,"NCAM1_NCAM1","NCAM1 - NCAM1","NCAM","Cell-Cell Contact","KEGG: hsa04514"
"Astro_Thyme","Oligo_Oak","NCAM1","NCAM1",0.143099770201775,0,"NCAM1_NCAM1","NCAM1 - NCAM1","NCAM","Cell-Cell Contact","KEGG: hsa04514"
"Oligo_Oak","Oligo_Oak","NCAM1","NCAM1",0.200892007039618,0,"NCAM1_NCAM1","NCAM1 - NCAM1","NCAM","Cell-Cell Contact","KEGG: hsa04514"
"Astro_Thyme","Astro_Thyme","NCAM1","NCAM2",0.0175277562950389,0,"NCAM1_NCAM2","NCAM1 - NCAM2","NCAM","Cell-Cell Contact","KEGG: hsa04514"
"Oligo_Oak","Astro_Thyme","NCAM1","NCAM2",0.0261543933911757,0,"NCAM1_NCAM2","NCAM1 - NCAM2","NCAM","Cell-Cell Contact","KEGG: hsa04514"
"Astro_Thyme","Oligo_Oak","NCAM1","NCAM2",0.0216474266811981,0,"NCAM1_NCAM2","NCAM1 - NCAM2","NCAM","Cell-Cell Contact","KEGG: hsa04514"
"Oligo_Oak","Oligo_Oak","NCAM1","NCAM2",0.0322351169842156,0,"NCAM1_NCAM2","NCAM1 - NCAM2","NCAM","Cell-Cell Contact","KEGG: hsa04514"
"Oligo_Oak","Astro_Thyme","DLL1","NOTCH1",0.00344159699282059,0,"DLL1_NOTCH1","DLL1 - NOTCH1","NOTCH","Cell-Cell Contact","PMID: 22353464"
"Oligo_Oak","Astro_Thyme","DLL1","NOTCH2",0.0118534940771024,0,"DLL1_NOTCH2","DLL1 - NOTCH2","NOTCH","Cell-Cell Contact","PMID: 22353464"
"Astro_Thyme","Astro_Thyme","SEMA4D","PLXNB1",0.0132514632154448,0,"SEMA4D_PLXNB1","SEMA4D - PLXNB1","SEMA4","Cell-Cell Contact","PMID: 27533782"
"Mglia_Daisy","Astro_Thyme","SEMA4D","PLXNB1",0.0191586448609186,0,"SEMA4D_PLXNB1","SEMA4D - PLXNB1","SEMA4","Cell-Cell Contact","PMID: 27533782"
"Mglia_Violet","Astro_Thyme","SEMA4D","PLXNB1",0.0217558458599838,0,"SEMA4D_PLXNB1","SEMA4D - PLXNB1","SEMA4","Cell-Cell Contact","PMID: 27533782"
"Oligo_Oak","Astro_Thyme","SEMA4D","PLXNB1",0.0470201600193556,0,"SEMA4D_PLXNB1","SEMA4D - PLXNB1","SEMA4","Cell-Cell Contact","PMID: 27533782"
"Astro_Thyme","Oligo_Oak","SEMA4D","PLXNB1",0.00394188162495165,0,"SEMA4D_PLXNB1","SEMA4D - PLXNB1","SEMA4","Cell-Cell Contact","PMID: 27533782"
"Mglia_Daisy","Oligo_Oak","SEMA4D","PLXNB1",0.00572314701167185,0,"SEMA4D_PLXNB1","SEMA4D - PLXNB1","SEMA4","Cell-Cell Contact","PMID: 27533782"
"Mglia_Violet","Oligo_Oak","SEMA4D","PLXNB1",0.00651108391442071,0,"SEMA4D_PLXNB1","SEMA4D - PLXNB1","SEMA4","Cell-Cell Contact","PMID: 27533782"
"Oligo_Oak","Oligo_Oak","SEMA4D","PLXNB1",0.0143315381672638,0,"SEMA4D_PLXNB1","SEMA4D - PLXNB1","SEMA4","Cell-Cell Contact","PMID: 27533782"
"Astro_Thyme","Astro_Thyme","SEMA4D","PLXNB2",0.00308457018407348,0,"SEMA4D_PLXNB2","SEMA4D - PLXNB2","SEMA4","Cell-Cell Contact","PMID: 27533782"
"Mglia_Daisy","Astro_Thyme","SEMA4D","PLXNB2",0.00448017445934502,0,"SEMA4D_PLXNB2","SEMA4D - PLXNB2","SEMA4","Cell-Cell Contact","PMID: 27533782"
"Mglia_Violet","Astro_Thyme","SEMA4D","PLXNB2",0.00509786194544213,0,"SEMA4D_PLXNB2","SEMA4D - PLXNB2","SEMA4","Cell-Cell Contact","PMID: 27533782"
"Oligo_Oak","Astro_Thyme","SEMA4D","PLXNB2",0.0112401013681032,0,"SEMA4D_PLXNB2","SEMA4D - PLXNB2","SEMA4","Cell-Cell Contact","PMID: 27533782"
"Oligo_Oak","Astro_Thyme","SEMA6A","PLXNA2",0.00445779896760144,0,"SEMA6A_PLXNA2","SEMA6A - PLXNA2","SEMA6","Cell-Cell Contact","PMID: 27533782"
"Astro_Thyme","Astro_Thyme","GJA1","GJA1",0.222471901319911,0,"GJA1_GJA1","GJA1 - GJA1","GAP","Cell-Cell Contact","PMID: 32532966;PMID: 15094344"
"Astro_Thyme","Astro_Thyme","PCDHGA10","PCDHGA10",0.00265139478461514,0,"PCDHGA10_PCDHGA10","PCDHGA10 - PCDHGA10","PCDH","Cell-Cell Contact","PMID: 35253643; PMID: 32694982"
"Astro_Thyme","Astro_Thyme","FLRT2","ADGRL3",0.0122585628379804,0,"FLRT2_ADGRL3","FLRT2 - ADGRL3","ADGRL","Cell-Cell Contact","PMID: 25728924;PMID: 34022279;PMID: 27091502;PMID: 35907405"
"Astro_Thyme","Astro_Thyme","FLRT2","FLRT2",0.0339255282736521,0,"FLRT2_FLRT2","FLRT2 - FLRT2","FLRT","Cell-Cell Contact","PMID: 27091502"
"Astro_Thyme","Oligo_Oak","FLRT2","UNC5B",0.0129821761619806,0,"FLRT2_UNC5B","FLRT2 - UNC5B","UNC5","Cell-Cell Contact","PMID: 27091502"
"Astro_Thyme","Oligo_Oak","FLRT2","UNC5C",0.00865141755492547,0,"FLRT2_UNC5C","FLRT2 - UNC5C","UNC5","Cell-Cell Contact","PMID: 27091502"
"Astro_Thyme","Astro_Thyme","NRXN1","DAG1",0.0201518451949037,0,"NRXN1_DAG1","NRXN1 - DAG1","NRXN","Cell-Cell Contact","PMID: 21628410"
"Oligo_Oak","Astro_Thyme","APP","SORL1",0.0906409789960096,0,"APP_SORL1","APP - SORL1","APP","Cell-Cell Contact","PMID: 24523320"
"Oligo_Oak","Mglia_Daisy","APP","SORL1",0.207343004688392,0,"APP_SORL1","APP - SORL1","APP","Cell-Cell Contact","PMID: 24523320"
"Astro_Thyme","Mglia_Violet","APP","SORL1",0.0327022507042799,0.01,"APP_SORL1","APP - SORL1","APP","Cell-Cell Contact","PMID: 24523320"
"Oligo_Oak","Mglia_Violet","APP","SORL1",0.206575310859526,0,"APP_SORL1","APP - SORL1","APP","Cell-Cell Contact","PMID: 24523320"
"Astro_Thyme","Mglia_Daisy","APP","TREM2_TYROBP",0.00582411180532903,0,"APP_TREM2_TYROBP","APP - (TREM2+TYROBP)","APP","Cell-Cell Contact","PMID:27477013"
"Oligo_Oak","Mglia_Daisy","APP","TREM2_TYROBP",0.0431675700316448,0,"APP_TREM2_TYROBP","APP - (TREM2+TYROBP)","APP","Cell-Cell Contact","PMID:27477013"
"Astro_Thyme","Mglia_Violet","APP","TREM2_TYROBP",0.00560964786661706,0,"APP_TREM2_TYROBP","APP - (TREM2+TYROBP)","APP","Cell-Cell Contact","PMID:27477013"
"Oligo_Oak","Mglia_Violet","APP","TREM2_TYROBP",0.0416355799405525,0,"APP_TREM2_TYROBP","APP - (TREM2+TYROBP)","APP","Cell-Cell Contact","PMID:27477013"
"Mglia_Daisy","Mglia_Daisy","ADORA3","ENTPD1",0.00736936948060066,0,"ENTPD1_ADORA3","ADORA3 - ENTPD1","CD39","Cell-Cell Contact","uniprot"
"Mglia_Daisy","Mglia_Violet","ADORA3","ENTPD1",0.00762095700236236,0,"ENTPD1_ADORA3","ADORA3 - ENTPD1","CD39","Cell-Cell Contact","uniprot"
"Astro_Thyme","Astro_Thyme","CNTN1","NOTCH1",0.0103153878025135,0,"CNTN1_NOTCH1","CNTN1 - NOTCH1","CNTN","Cell-Cell Contact","uniprot;PMID:14567914"
"Astro_Thyme","Astro_Thyme","CNTN1","NOTCH2",0.0349390641352195,0,"CNTN1_NOTCH2","CNTN1 - NOTCH2","CNTN","Cell-Cell Contact","reactome;PMID:14567914;PMID: 33957164"
"Mglia_Daisy","Mglia_Daisy","LAIR1","LILRB4",0.00715497526346164,0,"LAIR1_LILRB4","LAIR1 - LILRB4","LAIR1","Cell-Cell Contact","PMID:19283782"
"Mglia_Violet","Mglia_Daisy","LAIR1","LILRB4",0.00697420770150614,0,"LAIR1_LILRB4","LAIR1 - LILRB4","LAIR1","Cell-Cell Contact","PMID:19283782"
"Mglia_Daisy","Mglia_Violet","LAIR1","LILRB4",0.00810890730923253,0,"LAIR1_LILRB4","LAIR1 - LILRB4","LAIR1","Cell-Cell Contact","PMID:19283782"
"Mglia_Violet","Mglia_Violet","LAIR1","LILRB4",0.007904230909581,0,"LAIR1_LILRB4","LAIR1 - LILRB4","LAIR1","Cell-Cell Contact","PMID:19283782"
