"p_val","avg_log2FC","pct.1","pct.2","p_val_adj","cluster","gene","cell_type"
4.22942017920769e-95,7.51149739487246,0.529,0.004,1.41846293970267e-90,"0","CD22","Oligodendrocytes"
4.41076125174192e-60,7.17875633779681,0.35,0.004,1.47928110860921e-55,"0","NKX6-2","Oligodendrocytes"
3.95431097958725e-45,7.06904898219193,0.267,0.003,1.32619681633397e-40,"0","SLC5A11","Oligodendrocytes"
6.4145695070117e-157,6.86155641164406,0.737,0.019,2.15131832126159e-152,"0","CNDP1","Oligodendrocytes"
2.687256173551e-42,6.77596969167667,0.25,0.003,9.01251975485536e-38,"0","GJB1","Oligodendrocytes"
5.54555368939737e-90,7.38289216513668,0.514,0.005,1.85986779635009e-85,"1","GABRA6","Cerebellar Granule Cells"
4.45419381841088e-102,7.35887341747117,0.554,0.005,1.49384752281864e-97,"1","FAT2","Cerebellar Granule Cells"
9.61738371327092e-111,6.97761740921232,0.605,0.007,3.2254781497568e-106,"1","CBLN3","Cerebellar Granule Cells"
2.32924408942931e-111,6.56705721126791,0.646,0.013,7.81181882712803e-107,"1","CRTAM","Cerebellar Granule Cells"
1.18577310440121e-107,5.93539994675867,0.62,0.018,3.97684583754077e-103,"1","CBLN1","Cerebellar Granule Cells"
1.24445052479139e-28,3.81021292834516,0.266,0.049,4.17363817004535e-24,"2","HTR2A","Excitatory Neurons"
5.43884782181379e-82,3.68636061186083,0.64,0.139,1.82408078247991e-77,"2","NEFL","Excitatory Neurons"
2.59170309419088e-126,3.56453754180745,0.816,0.147,8.69205383729737e-122,"2","ENC1","Excitatory Neurons"
6.35091484682881e-36,3.5421081511745,0.376,0.064,2.12996982132945e-31,"2","CLSTN2","Excitatory Neurons"
1.1536820340114e-55,3.53610753755189,0.53,0.14,3.86921880566743e-51,"2","NEFM","Excitatory Neurons"
8.87462191826249e-37,6.1739332801313,0.279,0.004,2.97637069894687e-32,"3","GJB6","Astrocytes"
2.53135041025106e-57,6.07586104441307,0.403,0.007,8.48964300590002e-53,"3","SLCO1C1","Astrocytes"
2.28024317848356e-92,5.92362000184442,0.534,0.01,7.64747957199816e-88,"3","SLC14A1","Astrocytes"
5.99206446588688e-57,5.86777257424418,0.345,0.005,2.00961858056914e-52,"3","SLC39A12","Astrocytes"
1.02551011800999e-108,5.81154752502674,0.596,0.025,3.43935583378191e-104,"3","COL5A3","Astrocytes"
5.71655334051673e-141,9.48660988592274,0.669,0.003,1.9172176593425e-136,"4","ADAM28","Microglia"
1.55925020993388e-122,9.11781732185327,0.611,0.004,5.22941335407625e-118,"4","MS4A6A","Microglia"
7.38051666165665e-61,8.96464440561872,0.375,0.002,2.47527767798641e-56,"4","ITGAX","Microglia"
7.55916019048899e-57,8.93937339295346,0.318,0.002,2.5351911446862e-52,"4","LILRB1","Microglia"
2.02575126947652e-72,8.91939372341435,0.422,0.002,6.79396460757035e-68,"4","CSF3R","Microglia"
4.98294628827727e-39,4.79060016596159,0.284,0.009,1.67118052616243e-34,"5","ANKRD34B","Medium Spiny Neurons"
7.491441362513e-30,4.69381811143654,0.258,0.008,2.51247960415961e-25,"5","MME","Medium Spiny Neurons"
1.67365316672291e-50,4.68973439760162,0.3,0.005,5.61309799055528e-46,"5","LINC01250","Medium Spiny Neurons"
3.62761737067616e-69,4.33366876080151,0.513,0.029,1.21663031377737e-64,"5","ONECUT2","Medium Spiny Neurons"
7.62829870252494e-45,3.92253444052316,0.302,0.006,2.55837881885281e-40,"5","ADAMTS3","Medium Spiny Neurons"
3.68417094352235e-40,7.04587632226588,0.268,0.012,1.23559725103853e-35,"6","SST","Inhibitory Neurons"
9.28112788215875e-89,6.4146889113822,0.49,0.007,3.1127046691184e-84,"6","LHX6","Inhibitory Neurons"
1.30918446550848e-72,4.70767378453204,0.486,0.025,4.39074286042233e-68,"6","NXPH1","Inhibitory Neurons"
1.10560972172165e-52,4.69631443709858,0.413,0.026,3.70799388471007e-48,"6","TAC1","Inhibitory Neurons"
1.96704285235972e-49,4.66970820368562,0.327,0.018,6.59706831824402e-45,"6","ARX","Inhibitory Neurons"
6.73705497797602e-112,8.53321772672489,0.583,0.007,2.2594734985136e-107,"7","FERMT1","OPCs"
2.87530388272593e-92,8.47878127118745,0.518,0.003,9.64319416188621e-88,"7","GPR17","OPCs"
3.24144759970118e-214,8.42554984987563,0.887,0.012,1.08711669598778e-209,"7","PDGFRA","OPCs"
3.97431907337075e-52,8.23536399441104,0.302,0.003,1.33290713082708e-47,"7","COL20A1","OPCs"
3.12820097129118e-129,8.15167956279262,0.623,0.006,1.04913604175164e-124,"7","COL9A1","OPCs"
2.97474186068404e-59,7.28788305589515,0.384,0.006,9.97668925236213e-55,"8","VIP","Inhibitory Neurons"
5.85252572434323e-198,6.55911019452388,0.852,0.03,1.96282007743023e-193,"8","DLX6-AS1","Inhibitory Neurons"
1.68089773155645e-95,6.41800253879626,0.576,0.018,5.63739481209404e-91,"8","CXCL14","Inhibitory Neurons"
8.211204052153e-36,5.3021043945676,0.261,0.006,2.75387361501107e-31,"8","CRH","Inhibitory Neurons"
3.11115520280788e-95,5.12065919163824,0.566,0.014,1.04341923191771e-90,"8","DLX1","Inhibitory Neurons"
2.40692576293824e-48,9.27709007418862,0.266,0.001,8.07234762374228e-44,"10","CDH5","Excitatory Neurons"
1.0361080484556e-45,9.20852614140894,0.262,0,3.47489917291038e-41,"10","FOXC1","Excitatory Neurons"
1.25232473806182e-59,8.93224249813229,0.333,0.001,4.20004670651174e-55,"10","CAVIN2","Excitatory Neurons"
2.73948237876798e-88,8.84205359659785,0.479,0.004,9.18767600191205e-84,"10","CLDN5","Excitatory Neurons"
2.02575126947663e-72,8.74527672143031,0.382,0.002,6.79396460757074e-68,"10","TGM2","Excitatory Neurons"
8.58260289469637e-44,7.54071083125431,0.255,0.001,2.87843335882327e-39,"13","C1QTNF9B","Excitatory Neurons"
2.83520709219131e-150,6.3374792671993,0.749,0.016,9.50871754579123e-146,"13","CNGB1","Excitatory Neurons"
2.56951585109788e-63,6.11780647139684,0.382,0.004,8.61764226141208e-59,"13","MCOLN3","Excitatory Neurons"
8.15106506704977e-75,5.00169259219547,0.459,0.011,2.73370420218715e-70,"13","SLC47A1","Excitatory Neurons"
8.6424880822611e-56,4.96632943131388,0.318,0.007,2.89851765302873e-51,"13","SCART1","Excitatory Neurons"
1.7785134963621e-165,9.63093724457253,0.768,0.001,5.96477856409921e-161,"14","TFAP2B","Inhibitory Neurons"
1.02143094257545e-93,8.05320491691636,0.509,0.001,3.42567509520955e-89,"14","TFAP2A","Inhibitory Neurons"
1.02143094257545e-93,7.81103545377468,0.509,0.002,3.42567509520955e-89,"14","LRRC38","Inhibitory Neurons"
5.37656990774653e-146,7.11564866932581,0.739,0.008,1.80319401566003e-141,"14","SCGN","Inhibitory Neurons"
2.5209579555866e-137,6.85135722060497,0.691,0.005,8.45478879144635e-133,"14","CHRNA3","Inhibitory Neurons"
6.94151684938369e-24,3.55601990470513,0.333,0.044,2.3280459209463e-19,"15","PTPRC","Peripheral Immune Cells"
8.34647349541286e-16,2.97831837292383,0.34,0.097,2.79924028089156e-11,"15","HLA-B","Peripheral Immune Cells"
7.77386865292615e-15,2.68940822309624,0.32,0.109,2.60720006881837e-10,"15","DUSP1","Peripheral Immune Cells"
3.27216968610819e-19,2.64924573289515,0.289,0.089,1.09742026932697e-14,"15","HSPA6","Peripheral Immune Cells"
4.19372143177994e-12,2.55965208611027,0.357,0.21,1.40649029379036e-07,"15","TXNIP","Peripheral Immune Cells"
2.32911428846859e-32,6.6153542427128,0.297,0.001,7.81138350066595e-28,"16","AL356417.2","Excitatory Neurons"
8.9088250077403e-47,6.08831375307415,0.424,0.006,2.98784173109594e-42,"16","BX255923.2","Excitatory Neurons"
7.03447861013823e-29,6.08232606141139,0.291,0.002,2.35922343626816e-24,"16","AC116345.1","Excitatory Neurons"
2.54960555220195e-106,6.06719977899107,0.873,0.027,8.55086710097491e-102,"16","COL24A1","Excitatory Neurons"
3.58259923546457e-98,5.80901008852943,0.836,0.026,1.20153213159011e-93,"16","COL5A2","Excitatory Neurons"
