"p_val","avg_log2FC","pct.1","pct.2","p_val_adj","cluster","gene"
4.23565809660959e-113,8.72927507473538,0.375,0.003,1.42055501244093e-108,"0","TNC"
3.13756417638231e-68,7.44550753692425,0.25,0.005,1.0522762734751e-63,"0","SLC47A2"
4.01857778639565e-74,5.99443069864799,0.289,0.012,1.34775061800137e-69,"0","CRLF1"
3.6625231883857e-76,5.96934379327739,0.299,0.014,1.2283370269208e-71,"0","CRB2"
3.02772686899019e-108,5.8686433941188,0.4,0.018,1.01543903732193e-103,"0","APC2"
3.68683478465304e-41,3.18196819273331,0.32,0.062,1.23649065007694e-36,"1","PMAIP1"
3.10706929492312e-57,2.96256532905895,0.468,0.129,1.04204890013132e-52,"1","GPR85"
4.28806265357354e-35,2.85193878335424,0.313,0.089,1.43813045275549e-30,"1","SHROOM4"
3.97223814599158e-28,2.82430229022991,0.256,0.066,1.33220922940265e-23,"1","IL3RA"
9.08737188687815e-66,2.80558421190737,0.537,0.151,3.04772278342119e-61,"1","TIE1"
7.59553220084847e-99,4.33738575068633,0.511,0.035,2.54738958952056e-94,"2","P2RY14"
2.78056539548211e-78,4.14366433827886,0.428,0.031,9.32546022336791e-74,"2","PTGDR2"
4.04163928353506e-153,4.06208159313069,0.747,0.07,1.35548498291199e-148,"2","SLC6A12"
4.68989316084754e-55,4.04039467285525,0.339,0.032,1.57289636828505e-50,"2","CSPG4"
2.20810005568895e-179,3.76115702385428,0.867,0.108,7.40552596676959e-175,"2","NOTCH3"
4.56892312992189e-32,6.5984051614044,0.364,0.012,1.5323254393132e-27,"4","LTBP2"
1.84692608699064e-73,6.50054136862473,0.716,0.046,6.1942207105492e-69,"4","CEMIP"
5.86096036435552e-24,5.9917516398598,0.284,0.01,1.96564888699756e-19,"4","SLC6A20"
3.75141677824133e-21,5.96788660602899,0.25,0.012,1.25815015908658e-16,"4","ACADL"
6.68955683490973e-51,5.96327827122523,0.557,0.026,2.24354357129202e-46,"4","C7"
